<!-- mapper.xml -->
<!DOCTYPE mapper
	PUBLIC "-//mybatis.org//DTD Mapper 3.0//EN"
	"https://mybatis.org/dtd/mybatis-3-mapper.dtd">
<mapper namespace="com.hikarity.hikarity.mapper.HikarityMapper">
	<select id="getAll" resultType="Map">
		SELECT
			*
		FROM
			response
	</select>

    <select id="getDetailedAnimal" parameterType="String" resultType="Map">
        SELECT
            *
        FROM
            response
        WHERE
            Idx = #{Idx}
    </select>


    <select id="test" resultType="Map"> 
        SELECT 
            *
        From
            response
        WHERE
            idx=1
    </select>

    <insert id="insertAdoption" parameterType="com.hikarity.hikarity.DTO.Adoption">
        INSERT INTO adoption (
            user_id,
            pet_idx,
            name,
            cellphone,
            address1,
            address2,
            email,
            employmentStatus,
            company,
            adoptionMotive,
            aloneOrNot,
            animalHospitalName,
            animalHospitalPhone,
            animalHospitalAddress,
            animalHospitalRecommendationYN,
            experience,
            familyAdultNum,
            familyChildNum,
            childYN,
            childAge,
            childVisit,
            childVisitPeriod,
            status
        ) VALUES (
            #{userId},
            #{petIdx},
            #{name},
            #{cellphone},
            #{address1},
            #{address2},
            #{email},
            #{employmentStatus},
            #{company},
            #{adoptionMotive},
            #{aloneOrNot},
            #{animalHospitalName},
            #{animalHospitalPhone},
            #{animalHospitalAddress},
            #{animalHospitalRecommendationYN},
            #{experience},
            #{familyAdultNum},
            #{familyChildNum},
            #{childYN},
            #{childAge},
            #{childVisit},
            #{childVisitPeriod},
            0
        );
    </insert>



<!--//parameterType="String"-->

</mapper>